馬番,score,horse_name,jockey,weight,odds
10,1.081239111529127,ヴェナートル,武藤,不明,不明
12,0.9317696217385406,ニシノクラウン,横山琉,不明,不明
3,0.8964888764159147,ロードトレゾール,佐々木,不明,不明
11,0.8291977962239647,クールベイビー,荻野極,不明,不明
7,0.8082554513906156,イコサン,津村,不明,不明
2,0.7092952798120586,ソルレース,戸崎圭,不明,不明
4,0.2122733188658855,ホークレア,大野,不明,不明
8,-0.14674112195607597,ベイビーキッス,菊沢,不明,不明
1,-1.1200223874448,トレブランシュ,原,不明,不明
5,-1.1317390814508483,オリアメンディ,嶋田,不明,不明
9,-1.5161510132218905,アバンダンス,野中,不明,不明
6,-1.5538658519024955,ディージェーサン,遠藤,不明,不明
