馬番,score,horse_name,jockey,weight,odds
8,0.835659055406084,ベアゴーフォー,大野,不明,不明
5,0.7276940803815308,アドフランマム,丸山,不明,不明
7,0.7183096648783757,ツトムユニバース,菊沢,不明,不明
2,0.6085518941680147,サンクスアミリオン,江田照,不明,不明
3,0.6085518941680147,ライヴレッドアイ,木幡巧,不明,不明
4,-0.1905909057366881,セイウンアインス,◇今村,不明,不明
6,-1.5942647314522547,カゼノハゴロモ,野中,不明,不明
1,-1.713910951813071,ラインカシウス,▲遠藤,不明,不明
